,true_score,fake_score,true-fake
0,0.034834,0.020676726,0.014157275
1,0.034834,0.020676726,0.014157275
2,0.034834,0.020676726,0.014157275
3,0.122977905,0.08938501,0.033592895
4,0.025794255,0.029958636,-0.004164381
5,0.020869754,0.013577526,0.007292228
6,0.1169025,0.07327507,0.043627433
7,0.010150495,0.007295821,0.0028546741
8,0.010150495,0.007295821,0.0028546741
9,0.023344817,0.01072017,0.012624647
10,0.035023734,0.027996443,0.0070272908
11,0.0093688555,0.005873731,0.0034951246
12,0.026148831,0.007425269,0.018723562
13,0.033785786,0.01961694,0.014168847
14,0.033785786,0.01961694,0.014168847
15,0.010096371,0.009502428,0.0005939435
16,0.015046885,0.0110889645,0.0039579207
17,0.017243255,0.02569279,-0.008449536
18,0.029344453,0.024988258,0.0043561943
19,0.021217523,0.015066529,0.0061509944
20,0.021217523,0.015066529,0.0061509944
21,0.021409236,0.02178989,-0.0003806539
22,0.02558457,0.025583684,8.8475645e-07
23,0.026686648,0.031218233,-0.0045315847
24,0.066331446,0.0492447,0.017086744
25,0.066331446,0.0492447,0.017086744
26,0.01108915,0.010523275,0.0005658753
27,0.012389341,0.013074407,-0.000685066
28,0.12262802,0.0057999934,0.116828024
29,0.017697401,0.015393749,0.0023036525
30,0.037298333,0.0067054466,0.030592887
31,0.037298333,0.0067054466,0.030592887
32,0.07261767,0.036849935,0.035767738
33,0.04116082,0.022093778,0.01906704
34,0.036859408,0.023602467,0.013256941
35,0.062192697,0.031425133,0.030767564
36,0.031625386,0.0069609806,0.024664406
37,0.014198159,0.0153776165,-0.0011794576
38,0.014198159,0.0153776165,-0.0011794576
39,0.11385662,0.06340437,0.050452255
40,0.015916841,0.024155721,-0.00823888
41,0.02781904,0.007619234,0.020199805
42,0.015067155,0.010386659,0.0046804957
43,0.015067155,0.010386659,0.0046804957
44,0.021524312,0.020304369,0.0012199432
45,0.028750416,0.01633197,0.012418445
46,0.03511844,0.025886284,0.009232154
47,0.016063815,0.012417932,0.003645883
48,0.014069817,0.010912264,0.0031575533
49,0.014069817,0.010912264,0.0031575533
50,0.021309959,0.015262209,0.00604775
51,0.02101201,0.01631312,0.0046988893
52,0.015769107,0.011302327,0.0044667805
53,0.0108654145,0.014414968,-0.0035495535
54,0.011371566,0.0104614915,0.00091007445
55,0.011371566,0.0104614915,0.00091007445
56,0.10880146,0.08994013,0.018861331
57,0.00953996,0.009752596,-0.00021263584
58,0.01380807,0.012255248,0.0015528221
59,0.11204952,0.08693098,0.025118537
60,0.11204952,0.08693098,0.025118537
61,0.06362998,0.04492219,0.018707786
62,0.11030083,0.07334423,0.0369566
63,0.02770903,0.036996122,-0.009287093
64,0.011197779,0.012200752,-0.001002973
65,0.015950933,0.012603079,0.0033478541
66,0.015950933,0.012603079,0.0033478541
67,0.013728224,0.010881239,0.0028469851
68,0.009259034,0.0068368586,0.0024221754
69,0.013462207,0.00803064,0.0054315673
70,0.00898204,0.009596663,-0.0006146226
71,0.06529675,0.038197596,0.027099151
72,0.06529675,0.038197596,0.027099151
73,0.016988477,0.012841796,0.004146681
74,0.032911196,0.035416674,-0.0025054775
75,0.06531077,0.051852662,0.013458107
76,0.016401585,0.014396126,0.0020054588
77,0.026883222,0.034552746,-0.0076695234
78,0.026883222,0.034552746,-0.0076695234
79,0.027427133,0.007940998,0.019486135
80,0.017446306,0.0069104335,0.010535872
81,0.034793515,0.022150107,0.012643408
82,0.034793515,0.022150107,0.012643408
83,0.031811725,0.02009684,0.011714885
84,0.011547459,0.011763297,-0.00021583773
85,0.020843582,0.020355977,0.0004876051
86,0.029182512,0.008419811,0.0207627
87,0.012893876,0.014260698,-0.001366822
88,0.012893876,0.014260698,-0.001366822
89,0.026608724,0.027362956,-0.0007542316
90,0.018814644,0.020094402,-0.0012797583
91,0.017042771,0.010929714,0.006113057
92,0.03530766,0.029646877,0.0056607835
93,0.018619776,0.02133034,-0.002710564
94,0.018619776,0.02133034,-0.002710564
95,0.017471347,0.024652403,-0.007181056
96,0.024142014,0.023578301,0.0005637128
97,0.029691229,0.026384179,0.00330705
98,0.011201342,0.0068545025,0.004346839
99,0.011201342,0.0068545025,0.004346839
100,0.013301372,0.0066097346,0.006691637
101,0.011387323,0.010918968,0.00046835467
102,0.037409432,0.03966782,-0.0022583865
103,0.02602355,0.024759868,0.0012636818
104,0.03359267,0.026771547,0.006821124
105,0.03359267,0.026771547,0.006821124
106,0.018567776,0.014489381,0.0040783957
107,0.030747805,0.0054161325,0.025331672
108,0.016232237,0.013800861,0.002431376
109,0.02181933,0.019240588,0.0025787428
110,0.02058702,0.021275165,-0.00068814494
111,0.02058702,0.021275165,-0.00068814494
112,0.029911702,0.03246993,-0.0025582258
113,0.027354809,0.00887171,0.018483099
114,0.037530903,0.018109983,0.01942092
115,0.11728843,0.09252969,0.024758741
116,0.11728843,0.09252969,0.024758741
117,0.016797544,0.015284583,0.0015129615
118,0.036785785,0.030191602,0.006594183
119,0.018852811,0.018620584,0.00023222715
120,0.013881783,0.007887354,0.005994429
121,0.016882574,0.014163125,0.0027194489
122,0.016882574,0.014163125,0.0027194489
123,0.03060236,0.03448217,-0.0038798098
124,0.03223777,0.043199763,-0.0109619945
125,0.009315653,0.007950102,0.0013655508
126,0.11367937,0.10218903,0.011490345
127,0.014873968,0.018803777,-0.0039298087
128,0.014873968,0.018803777,-0.0039298087
129,0.026750177,0.03485066,-0.008100484
130,0.036181558,0.04799732,-0.01181576
131,0.122278936,0.06374185,0.05853709
132,0.019269235,0.023146955,-0.0038777199
133,0.02092551,0.017221062,0.0037044492
134,0.02092551,0.017221062,0.0037044492
135,0.009996147,0.009236703,0.0007594442
136,0.107259,0.05168668,0.055572316
137,0.013125322,0.015221263,-0.0020959415
138,0.021550966,0.012585861,0.008965106
139,0.031401515,0.030372037,0.0010294784
140,0.031401515,0.030372037,0.0010294784
141,0.020147065,0.02117602,-0.001028955
142,0.06289955,0.04495513,0.017944422
143,0.034080405,0.02083528,0.013245124
144,0.029906746,0.02505091,0.004855836
145,0.012093637,0.01723248,-0.0051388424
146,0.012093637,0.01723248,-0.0051388424
147,0.019196063,0.015280247,0.0039158165
148,0.013126762,0.0112868,0.0018399619
149,0.021157505,0.011991642,0.009165863
150,0.07051463,0.03661024,0.03390439
151,0.0153694125,0.016872449,-0.0015030364
152,0.0153694125,0.016872449,-0.0015030364
153,0.017046127,0.012140647,0.004905481
154,0.027596673,0.008439504,0.01915717
155,0.01460374,0.017620387,-0.003016647
156,0.03378267,0.023132175,0.010650493
157,0.03378267,0.023132175,0.010650493
158,0.011060004,0.012065575,-0.0010055713
159,0.014614774,0.025103524,-0.01048875
160,0.0130998,0.008482903,0.0046168966
161,0.029096829,0.039064884,-0.009968055
162,0.02806535,0.008342191,0.019723158
163,0.02806535,0.008342191,0.019723158
164,0.013664704,0.0070951437,0.00656956
165,0.013864954,0.009632124,0.0042328304
166,0.024536612,0.02754205,-0.0030054394
167,0.021416385,0.014379339,0.0070370454
168,0.026081726,0.027103756,-0.0010220297
169,0.026081726,0.027103756,-0.0010220297
170,0.017737456,0.0143772485,0.0033602072
171,0.017384728,0.015254708,0.0021300204
172,0.010159153,0.0075972956,0.002561857
173,0.11224998,0.05661201,0.055637967
174,0.013918509,0.009151481,0.0047670277
175,0.013918509,0.009151481,0.0047670277
176,0.013678335,0.012116621,0.0015617134
177,0.018159522,0.022222584,-0.0040630624
178,0.011335646,0.010156751,0.0011788951
179,0.0138934115,0.009933611,0.0039598
180,0.016437052,0.013782558,0.0026544938
181,0.016437052,0.013782558,0.0026544938
182,0.013324053,0.01042759,0.0028964626
183,0.018469548,0.017751576,0.0007179715
184,0.011183591,0.012672198,-0.0014886074
185,0.066305414,0.060698327,0.005607087
186,0.066305414,0.060698327,0.005607087
187,0.11423464,0.0513281,0.06290654
188,0.010983175,0.010562552,0.00042062253
189,0.026719378,0.009336816,0.017382562
190,0.113266386,0.05695029,0.056316096
191,0.015355354,0.014404497,0.00095085707
192,0.015355354,0.014404497,0.00095085707
193,0.016753238,0.016552947,0.00020029023
194,0.015860505,0.015338262,0.0005222438
195,0.12142054,0.103984,0.017436542
196,0.014054958,0.0077765295,0.0062784282
197,0.027172435,0.02703379,0.00013864599
198,0.027172435,0.02703379,0.00013864599
199,0.011183591,0.012672198,-0.0014886074
200,0.016205162,0.015643556,0.00056160614
201,0.021556485,0.020188035,0.00136845
202,0.009370714,0.00602236,0.0033483543
203,0.06329678,0.07021542,-0.006918639
204,0.06329678,0.07021542,-0.006918639
205,0.033907644,0.02913981,0.004767835
206,0.020072706,0.019859575,0.00021313131
207,0.028977837,0.025994219,0.0029836185
208,0.035022996,0.008732929,0.026290067
209,0.017760398,0.013148005,0.0046123927
210,0.017760398,0.013148005,0.0046123927
211,0.035556562,0.041871317,-0.0063147545
212,0.10759361,0.060429048,0.047164563
213,0.028456317,0.023769172,0.0046871454
214,0.016577467,0.01670105,-0.00012358278
215,0.032850616,0.035995062,-0.0031444468
216,0.032850616,0.035995062,-0.0031444468
217,0.012283775,0.014013306,-0.0017295312
218,0.06574305,0.048355058,0.017387994
219,0.014131076,0.012745749,0.0013853265
220,0.011382464,0.013565742,-0.002183278
221,0.029784739,0.012759485,0.017025255
222,0.029784739,0.012759485,0.017025255
223,0.11443378,0.06954867,0.044885114
224,0.02944526,0.006034882,0.02341038
225,0.02431352,0.017662263,0.006651258
226,0.06387747,0.073814176,-0.009936705
227,0.016886197,0.01953531,-0.0026491135
228,0.016886197,0.01953531,-0.0026491135
229,0.019327749,0.020004867,-0.0006771181
230,0.024654996,0.010476617,0.0141783785
231,0.05915979,0.034192227,0.024967562
232,0.028724486,0.036318727,-0.007594241
233,0.06146771,0.049195837,0.012271874
234,0.06146771,0.049195837,0.012271874
235,0.13007411,0.08718949,0.042884625
236,0.010492816,0.01347858,-0.0029857643
237,0.035464652,0.026485568,0.008979084
238,0.0110369725,0.011958717,-0.00092174485
239,0.0110369725,0.011958717,-0.00092174485
240,0.016183907,0.009829049,0.006354858
241,0.009655153,0.008004639,0.0016505141
242,0.018421222,0.029870268,-0.011449046
243,0.024063326,0.030928958,-0.006865632
244,0.009392029,0.006325772,0.0030662566
245,0.009392029,0.006325772,0.0030662566
246,0.01380789,0.013587896,0.00021999422
247,0.021224089,0.012890096,0.008333993
248,0.11627269,0.06869737,0.047575317
249,0.014287985,0.017079022,-0.0027910369
250,0.030183077,0.010103451,0.020079626
251,0.030183077,0.010103451,0.020079626
252,0.030097747,0.013812099,0.016285649
253,0.019092178,0.028213868,-0.00912169
254,0.01518178,0.0152803855,-9.860564e-05
255,0.011275907,0.008460831,0.0028150762
256,0.066765554,0.0036239694,0.063141584
257,0.066765554,0.0036239694,0.063141584
258,0.036417875,0.032231946,0.00418593
259,0.017206974,0.011642633,0.0055643413
260,0.026219614,0.022320336,0.0038992781
261,0.012723373,0.015344024,-0.0026206505
262,0.038379066,0.05334607,-0.014967006
263,0.038379066,0.05334607,-0.014967006
264,0.013738642,0.010946607,0.0027920352
265,0.025112491,0.023709891,0.0014025997
266,0.022513349,0.013064611,0.009448738
267,0.018024083,0.016041303,0.0019827802
268,0.018024083,0.016041303,0.0019827802
269,0.017512165,0.017052876,0.00045928918
270,0.013425475,0.010359959,0.0030655162
271,0.06388515,0.07633821,-0.012453057
272,0.032785367,0.021783829,0.0110015385
273,0.011508419,0.014105265,-0.0025968459
274,0.011508419,0.014105265,-0.0025968459
275,0.062313285,0.033203613,0.029109672
276,0.01201594,0.01607114,-0.004055201
277,0.029999526,0.033056185,-0.0030566584
278,0.026532125,0.024781968,0.0017501563
279,0.014565567,0.016401984,-0.0018364172
280,0.014565567,0.016401984,-0.0018364172
281,0.02153752,0.017861728,0.0036757924
282,0.020480627,0.012267624,0.008213003
283,0.010539249,0.013159194,-0.0026199454
284,0.01147901,0.01194099,-0.00046197977
285,0.039820205,0.041749407,-0.0019292012
286,0.039820205,0.041749407,-0.0019292012
287,0.013968795,0.011896092,0.0020727022
288,0.020930251,0.014582022,0.006348229
289,0.027783334,0.031304616,-0.0035212822
290,0.020775681,0.017536417,0.0032392647
291,0.009265006,0.008106433,0.0011585727
292,0.009265006,0.008106433,0.0011585727
293,0.015089694,0.012468491,0.0026212037
294,0.028966585,0.007747006,0.02121958
295,0.06544507,0.04268849,0.022756584
296,0.0390744,0.031739853,0.0073345453
297,0.0390744,0.031739853,0.0073345453
298,0.037693992,0.010705636,0.026988357
299,0.016092312,0.015900714,0.00019159727
300,0.013453479,0.00872882,0.004724659
301,0.036104336,0.027482538,0.008621799
302,0.029193388,0.014983243,0.014210145
303,0.029193388,0.014983243,0.014210145
304,0.028000306,0.028618474,-0.0006181672
305,0.015238351,0.022316048,-0.0070776967
306,0.027060298,0.019609747,0.007450551
307,0.022526938,0.02064348,0.0018834583
308,0.028646408,0.012591125,0.016055282
309,0.028646408,0.012591125,0.016055282
310,0.017711034,0.015568974,0.0021420596
311,0.06234332,0.058705397,0.0036379248
312,0.009107366,0.008911976,0.00019539054
313,0.021002473,0.013515272,0.007487201
314,0.021002473,0.013515272,0.007487201
315,0.030779945,0.024443377,0.006336568
316,0.036522027,0.034168325,0.0023537017
317,0.013352113,0.008414647,0.0049374662
318,0.0140796825,0.019606547,-0.005526865
319,0.009411804,0.0070228963,0.002388908
320,0.009411804,0.0070228963,0.002388908
321,0.017125856,0.014997217,0.0021286393
322,0.06390137,0.0645372,-0.0006358251
323,0.013937817,0.010103158,0.0038346592
324,0.030748302,0.025816489,0.004931813
325,0.01337999,0.010743095,0.0026368955
326,0.01337999,0.010743095,0.0026368955
327,0.010598105,0.012956941,-0.0023588352
328,0.014835519,0.025998594,-0.011163075
329,0.02085987,0.015657796,0.0052020736
330,0.0137555925,0.00876028,0.0049953125
331,0.014301829,0.019873478,-0.0055716485
332,0.014301829,0.019873478,-0.0055716485
333,0.11908316,0.0947073,0.024375856
334,0.01341294,0.011501348,0.0019115927
335,0.01152246,0.010409411,0.0011130488
336,0.029641405,0.022052146,0.0075892583
337,0.0131946625,0.015147613,-0.0019529508
338,0.0131946625,0.015147613,-0.0019529508
339,0.016580606,0.018590208,-0.0020096023
340,0.022057017,0.02142528,0.0006317366
341,0.00935255,0.007579305,0.0017732447
342,0.014473823,0.018504266,-0.004030443
343,0.016642476,0.028343648,-0.011701172
344,0.016642476,0.028343648,-0.011701172
345,0.011044765,0.0076549985,0.0033897664
346,0.031695824,0.010918972,0.020776853
347,0.016383676,0.018742725,-0.0023590494
348,0.040155523,0.008122964,0.032032557
349,0.013467627,0.01429092,-0.0008232938
350,0.013467627,0.01429092,-0.0008232938
351,0.03889371,0.012481952,0.026411759
352,0.058830347,0.03497145,0.023858897
353,0.021524731,0.013291196,0.008233535
354,0.017964123,0.016741563,0.0012225602
355,0.028694237,0.0072752964,0.02141894
356,0.028694237,0.0072752964,0.02141894
357,0.013161911,0.00809833,0.0050635803
358,0.010903972,0.0084445635,0.0024594087
359,0.01605025,0.024005463,-0.007955214
360,0.010078848,0.010091448,-1.2599863e-05
361,0.028694237,0.006866013,0.021828223
362,0.028694237,0.006866013,0.021828223
363,0.012174508,0.009456354,0.0027181534
364,0.018798986,0.022117335,-0.003318349
365,0.0136362,0.008438477,0.0051977225
366,0.013928833,0.0077884416,0.006140392
367,0.011076941,0.019818885,-0.008741944
368,0.011076941,0.019818885,-0.008741944
369,0.008908216,0.011411952,-0.002503736
370,0.027099516,0.022312365,0.004787151
371,0.02488973,0.03398096,-0.009091228
372,0.037533846,0.006263837,0.03127001
373,0.009524305,0.0061897244,0.003334581
374,0.009524305,0.0061897244,0.003334581
375,0.038117286,0.023012301,0.015104985
376,0.012406142,0.016218742,-0.0038126
377,0.035477996,0.023643224,0.011834772
378,0.020765271,0.018859629,0.0019056424
379,0.02542988,0.02151507,0.0039148107
380,0.02542988,0.02151507,0.0039148107
381,0.01564128,0.01892791,-0.00328663
382,0.02558898,0.024559267,0.0010297131
383,0.06764993,0.046813183,0.020836748
384,0.02274747,0.009396075,0.013351395
385,0.068950035,0.062257044,0.0066929907
386,0.068950035,0.062257044,0.0066929907
387,0.032258827,0.017466448,0.014792379
388,0.06446922,0.050394855,0.014074363
389,0.06192307,0.031823486,0.030099586
390,0.014402704,0.013000812,0.0014018919
391,0.032578085,0.01791111,0.014666975
392,0.032578085,0.01791111,0.014666975
393,0.0135632465,0.0103474725,0.003215774
394,0.012996908,0.011348878,0.0016480302
395,0.030313058,0.03097459,-0.00066153146
396,0.066170566,0.02308868,0.043081887
397,0.027805349,0.034946155,-0.007140806
398,0.027805349,0.034946155,-0.007140806
399,0.021866579,0.011954442,0.009912137
400,0.109877795,0.053748418,0.056129377
401,0.010973528,0.012444998,-0.0014714701
402,0.0135632465,0.0103474725,0.003215774
403,0.0135632465,0.0103474725,0.003215774
404,0.028407356,0.030068891,-0.0016615354
405,0.03192355,0.030857926,0.0010656249
406,0.032483093,0.04367739,-0.011194296
407,0.034032673,0.022794249,0.011238424
408,0.028302085,0.032907054,-0.004604969
409,0.028302085,0.032907054,-0.004604969
410,0.013124803,0.014015672,-0.0008908687
411,0.01765939,0.023924695,-0.006265305
412,0.01144114,0.011348187,9.295344e-05
413,0.013970321,0.010552268,0.0034180535
414,0.016096096,0.015335284,0.0007608123
415,0.016096096,0.015335284,0.0007608123
416,0.06346968,0.04620185,0.017267827
417,0.013859646,0.011008485,0.0028511612
418,0.020501176,0.015684426,0.00481675
419,0.01537637,0.012204122,0.0031722486
420,0.02684572,0.018418657,0.008427063
421,0.02684572,0.018418657,0.008427063
422,0.06603517,0.025768632,0.040266536
423,0.029597761,0.017488992,0.012108769
424,0.01789709,0.01675402,0.0011430699
425,0.020550411,0.014485189,0.0060652224
426,0.014181851,0.018511286,-0.0043294346
427,0.014181851,0.018511286,-0.0043294346
428,0.017992524,0.012690939,0.0053015854
429,0.028717337,0.035176616,-0.006459279
430,0.01442117,0.013755469,0.000665701
431,0.03148949,0.022110581,0.00937891
432,0.012173992,0.010494682,0.0016793096
433,0.012173992,0.010494682,0.0016793096
434,0.02932466,0.03959488,-0.010270221
435,0.11274749,0.07888658,0.033860907
436,0.021994162,0.020813916,0.0011802465
437,0.030735066,0.021969123,0.008765943
438,0.06366755,0.047810514,0.015857037
439,0.06366755,0.047810514,0.015857037
440,0.009710188,0.009590615,0.00011957344
441,0.009403927,0.009570487,-0.00016655959
442,0.01488928,0.01826225,-0.00337297
443,0.022510031,0.01005888,0.012451151
444,0.022510031,0.01005888,0.012451151
445,0.028127821,0.021018669,0.007109152
446,0.03576252,0.031328525,0.0044339933
447,0.024272436,0.019821076,0.0044513606
448,0.072389536,0.031444605,0.04094493
449,0.013926357,0.0075671608,0.0063591963
450,0.12261242,0.0062670372,0.116345376
451,0.12261242,0.0062670372,0.116345376
452,0.010370941,0.010091275,0.00027966592
453,0.03576252,0.029268242,0.006494276
454,0.014230388,0.013022479,0.0012079095
455,0.010043467,0.009770143,0.00027332455
456,0.010043467,0.009770143,0.00027332455
457,0.009508931,0.006666189,0.002842742
458,0.11664047,0.06797056,0.048669912
459,0.009485858,0.006390375,0.0030954825
460,0.013778275,0.011793256,0.001985019
461,0.012054614,0.012314429,-0.00025981478
462,0.012054614,0.012314429,-0.00025981478
463,0.11517075,0.064933605,0.05023714
464,0.016036073,0.012319127,0.0037169456
465,0.025761466,0.029406255,-0.0036447886
466,0.009319717,0.009363094,-4.337728e-05
467,0.03075823,0.011819382,0.018938847
468,0.03075823,0.011819382,0.018938847
469,0.023841053,0.010226131,0.013614922
470,0.026774775,0.012675021,0.014099754
471,0.027116233,0.027429854,-0.000313621
472,0.011746942,0.011164846,0.00058209617
473,0.009113851,0.010052312,-0.00093846116
474,0.009113851,0.010052312,-0.00093846116
475,0.011305588,0.017057577,-0.005751989
476,0.06128975,0.02844046,0.03284929
477,0.024272436,0.019821076,0.0044513606
478,0.028127821,0.021018669,0.007109152
479,0.034714308,0.02437223,0.010342078
480,0.034714308,0.02437223,0.010342078
481,0.02017776,0.02288477,-0.0027070101
482,0.035185333,0.030183053,0.0050022807
483,0.034982864,0.027046736,0.0079361275
484,0.011799566,0.016181516,-0.004381949
485,0.010284891,0.010296241,-1.1350028e-05
486,0.010284891,0.010296241,-1.1350028e-05
487,0.013450902,0.013708932,-0.00025803037
488,0.035320137,0.029034095,0.006286042
489,0.016123088,0.018474964,-0.0023518763
490,0.021598324,0.01824506,0.0033532642
491,0.021194482,0.0142442845,0.0069501977
492,0.021194482,0.0142442845,0.0069501977
493,0.03154584,0.036411475,-0.004865635
494,0.018772697,0.022998072,-0.004225375
495,0.021695176,0.012040453,0.009654723
496,0.017680362,0.02048829,-0.0028079282
497,0.016079878,0.008512869,0.00756701
498,0.016079878,0.008512869,0.00756701
499,0.013658905,0.009873189,0.0037857164
500,0.029926617,0.011547117,0.0183795
501,0.01780837,0.0163681,0.0014402699
502,0.016908467,0.021971507,-0.00506304
503,0.0649135,0.053110685,0.011802811
504,0.0649135,0.053110685,0.011802811
505,0.035341103,0.015480646,0.019860458
506,0.025633238,0.0173274,0.008305838
507,0.021059986,0.017442562,0.0036174245
508,0.016798617,0.01694709,-0.00014847331
509,0.065894626,0.058847405,0.007047221
510,0.065894626,0.058847405,0.007047221
511,0.018839782,0.018930364,-9.0582296e-05
512,0.034732454,0.008780496,0.025951957
513,0.027590953,0.0318865,-0.0042955466
514,0.01405337,0.01335638,0.0006969897
515,0.06585322,0.054441314,0.011411909
516,0.06585322,0.054441314,0.011411909
517,0.0132519035,0.011395759,0.0018561445
518,0.017996918,0.015255217,0.002741701
519,0.03397286,0.045528866,-0.011556007
520,0.015873943,0.011239474,0.004634469
521,0.0346598,0.028296322,0.0063634776
522,0.0346598,0.028296322,0.0063634776
523,0.06139428,0.048745867,0.012648415
524,0.027817754,0.022590274,0.00522748
525,0.034258697,0.008629866,0.025628831
526,0.012231661,0.008112044,0.004119617
527,0.021462798,0.011540516,0.009922282
528,0.021462798,0.011540516,0.009922282
529,0.029019583,0.03398136,-0.0049617775
530,0.012158548,0.018943293,-0.0067847446
531,0.011140176,0.009163319,0.001976857
532,0.069917396,0.043944474,0.025972921
533,0.014612516,0.016535752,-0.0019232351
534,0.014612516,0.016535752,-0.0019232351
535,0.0340345,0.04676584,-0.01273134
536,0.010835561,0.016159447,-0.005323886
537,0.020657841,0.029840393,-0.009182552
538,0.11669552,0.07519197,0.041503556
539,0.014293654,0.011137107,0.0031565465
540,0.014293654,0.011137107,0.0031565465
541,0.020868516,0.009782631,0.011085885
542,0.035512373,0.041480284,-0.0059679113
543,0.01779887,0.026051374,-0.008252503
544,0.031671435,0.04148487,-0.009813435
545,0.01455713,0.012061117,0.0024960125
546,0.01455713,0.012061117,0.0024960125
547,0.016420938,0.01765434,-0.0012334026
548,0.009257952,0.009767917,-0.00050996523
549,0.038074758,0.019391187,0.018683571
550,0.018244311,0.01669577,0.0015485417
551,0.015139634,0.0108929975,0.0042466363
552,0.015139634,0.0108929975,0.0042466363
553,0.02804311,0.026149957,0.0018931534
554,0.022072751,0.01599283,0.0060799215
555,0.027132655,0.025108108,0.0020245463
556,0.015656034,0.018426979,-0.0027709454
557,0.018839782,0.018930364,-9.0582296e-05
558,0.018839782,0.018930364,-9.0582296e-05
559,0.01664727,0.014492905,0.0021543652
560,0.020971166,0.014645162,0.006326004
561,0.021149557,0.015341442,0.005808115
562,0.013961983,0.011097851,0.0028641317
563,0.020106977,0.020806707,-0.0006997306
564,0.020106977,0.020806707,-0.0006997306
565,0.036248587,0.03708392,-0.000835333
566,0.021506485,0.008937816,0.012568668
567,0.017425818,0.011701776,0.0057240427
568,0.028851071,0.02742881,0.0014222618
569,0.011438746,0.012230191,-0.0007914454
570,0.011438746,0.012230191,-0.0007914454
571,0.042374033,0.049426086,-0.0070520528
572,0.023591815,0.022948949,0.0006428659
573,0.017675363,0.0066022887,0.011073073
574,0.015044705,0.01842966,-0.0033849543
575,0.012235656,0.01333037,-0.0010947138
576,0.012235656,0.01333037,-0.0010947138
577,0.014581014,0.01335431,0.0012267046
578,0.010727415,0.009056403,0.0016710116
579,0.013557382,0.01018759,0.0033697924
580,0.035069138,0.041104764,-0.006035626
581,0.011037046,0.012436089,-0.001399043
582,0.011037046,0.012436089,-0.001399043
583,0.01834825,0.012145922,0.006202329
584,0.009316096,0.0068213814,0.0024947147
585,0.06313494,0.047142506,0.015992433
586,0.013881367,0.013147823,0.0007335441
587,0.036146402,0.019324766,0.016821636
588,0.036146402,0.019324766,0.016821636
589,0.02731592,0.0049881693,0.02232775
590,0.028602185,0.027806383,0.0007958021
591,0.066502735,0.05352447,0.012978263
592,0.017221507,0.012559622,0.004661885
593,0.021561168,0.02576748,-0.004206311
594,0.021561168,0.02576748,-0.004206311
595,0.06207316,0.06880823,-0.006735068
596,0.021779975,0.015232794,0.006547181
597,0.018050736,0.018837504,-0.0007867683
598,0.020920008,0.020328544,0.00059146434
599,0.00940325,0.007159161,0.0022440893
600,0.00940325,0.007159161,0.0022440893
601,0.11892157,0.07473151,0.044190064
602,0.02772179,0.033981998,-0.006260207
603,0.028331002,0.011410735,0.016920269
604,0.022200603,0.0107747745,0.011425829
605,0.029996488,0.023039283,0.006957205
606,0.029996488,0.023039283,0.006957205
607,0.019168302,0.018851658,0.0003166441
608,0.012250538,0.01598227,-0.0037317323
609,0.010146952,0.009386151,0.00076080114
610,0.014087366,0.012954339,0.0011330266
611,0.009942407,0.008020778,0.0019216286
612,0.009942407,0.008020778,0.0019216286
613,0.026479654,0.021105878,0.005373776
614,0.017141584,0.020469517,-0.0033279322
615,0.021035086,0.020024294,0.0010107923
616,0.11962708,0.0683069,0.05132018
617,0.11962708,0.0683069,0.05132018
618,0.016387194,0.019726904,-0.0033397097
619,0.012509648,0.015586958,-0.0030773105
620,0.032282084,0.044776075,-0.01249399
621,0.012555297,0.012459284,9.601377e-05
622,0.026044944,0.015710723,0.010334222
623,0.026044944,0.015710723,0.010334222
624,0.11209948,0.07022162,0.041877866
625,0.028908394,0.030052578,-0.0011441838
626,0.019565351,0.022255767,-0.0026904158
627,0.06333609,0.07554232,-0.012206234
628,0.009521264,0.010500553,-0.0009792894
629,0.009521264,0.010500553,-0.0009792894
630,0.0679045,0.035815764,0.032088738
631,0.018779712,0.01779222,0.0009874925
632,0.009459777,0.0055756657,0.003884111
633,0.016990954,0.015739486,0.0012514684
634,0.016990954,0.015739486,0.0012514684
635,0.032356344,0.017683135,0.014673209
636,0.021745875,0.014644715,0.0071011605
637,0.017031146,0.019117216,-0.0020860694
638,0.01331885,0.010897382,0.0024214676
639,0.018007236,0.0155521175,0.002455118
640,0.018007236,0.0155521175,0.002455118
641,0.009060088,0.00518181,0.0038782777
642,0.02150084,0.020605767,0.00089507364
643,0.020784777,0.01074869,0.010036087
644,0.016723178,0.019810209,-0.0030870307
645,0.021115165,0.016310342,0.0048048235
646,0.021115165,0.016310342,0.0048048235
647,0.009673705,0.006585592,0.0030881134
648,0.06403467,0.042873483,0.021161187
649,0.13053705,0.09328283,0.037254214
650,0.026563467,0.032929633,-0.0063661654
651,0.025923626,0.020021478,0.005902149
652,0.025923626,0.020021478,0.005902149
653,0.02158744,0.019023228,0.0025642123
654,0.018510219,0.01907363,-0.00056341104
655,0.01380924,0.008203875,0.005605365
656,0.013534168,0.010065151,0.0034690164
657,0.013534168,0.010065151,0.0034690164
658,0.030067537,0.028188635,0.0018789023
659,0.029455632,0.016419904,0.013035728
660,0.016119039,0.018280188,-0.002161149
661,0.11415363,0.06919502,0.044958614
662,0.06333691,0.07709422,-0.013757311
663,0.06333691,0.07709422,-0.013757311
664,0.031388212,0.011876533,0.01951168
665,0.015507753,0.0109288385,0.0045789145
666,0.03676496,0.025894975,0.010869985
667,0.036946792,0.023023129,0.013923664
668,0.017150365,0.022261184,-0.005110819
669,0.017150365,0.022261184,-0.005110819
670,0.1130598,0.005685422,0.10737438
671,0.025296282,0.02821339,-0.0029171072
672,0.029955743,0.022366527,0.0075892154
673,0.01127588,0.012132093,-0.0008562133
674,0.01127588,0.012132093,-0.0008562133
675,0.026565576,0.02679804,-0.0002324637
676,0.028485915,0.0022389549,0.02624696
677,0.12065133,0.07678168,0.043869644
678,0.0368104,0.017801944,0.019008458
679,0.03821533,0.02042662,0.017788712
680,0.015812954,0.02275189,-0.006938936
681,0.015812954,0.02275189,-0.006938936
682,0.011621418,0.009302189,0.0023192298
683,0.027843978,0.02874849,-0.00090451166
684,0.02493463,0.02374762,0.0011870116
685,0.020576753,0.017455017,0.0031217355
686,0.020576753,0.017455017,0.0031217355
687,0.0111644305,0.014086861,-0.0029224306
688,0.019585077,0.021056361,-0.0014712848
689,0.027568167,0.028114172,-0.0005460046
690,0.06497267,0.04072664,0.02424603
691,0.021226358,0.019915331,0.0013110265
692,0.021226358,0.019915331,0.0013110265
693,0.037346303,0.011336098,0.026010204
694,0.012721238,0.01872281,-0.006001572
695,0.0659725,0.05016868,0.015803821
696,0.011380418,0.01123184,0.00014857855
697,0.015099017,0.015708843,-0.0006098263
698,0.015099017,0.015708843,-0.0006098263
699,0.017938497,0.028732866,-0.0107943695
700,0.032014128,0.027420191,0.0045939367
701,0.017228724,0.01328092,0.0039478047
702,0.015678542,0.017590787,-0.0019122455
703,0.01756425,0.017790666,-0.0002264157
704,0.01756425,0.017790666,-0.0002264157
705,0.06464671,0.060426723,0.00421999
706,0.02161386,0.023262762,-0.001648901
707,0.055236198,0.018961161,0.036275037
708,0.028995045,0.024823165,0.00417188
709,0.016652312,0.014111818,0.0025404943
710,0.016652312,0.014111818,0.0025404943
711,0.03130969,0.0400088,-0.008699108
712,0.026614433,0.025013402,0.001601031
713,0.021529976,0.023574155,-0.0020441785
714,0.06318632,0.04746525,0.015721068
715,0.015720531,0.01633821,-0.0006176792
716,0.015720531,0.01633821,-0.0006176792
717,0.011438271,0.0103581855,0.0010800855
718,0.021081578,0.015520204,0.005561374
719,0.0350318,0.03949074,-0.0044589415
720,0.064760536,0.047967028,0.016793508
721,0.014659583,0.013581289,0.0010782937
722,0.014659583,0.013581289,0.0010782937
723,0.013654393,0.007807346,0.005847047
724,0.015738849,0.013032032,0.0027068164
725,0.024161834,0.0070180823,0.017143752
726,0.009757424,0.008352783,0.0014046412
727,0.026642807,0.019954784,0.006688023
728,0.026642807,0.019954784,0.006688023
729,0.12212374,0.061943047,0.060180694
730,0.06827312,0.036534734,0.031738386
731,0.037513394,0.03614003,0.0013733655
732,0.06683522,0.04164832,0.025186896
733,0.036046524,0.029035805,0.007010719
734,0.036046524,0.029035805,0.007010719
735,0.02139348,0.01988302,0.0015104599
736,0.12136299,0.10640648,0.014956512
737,0.034290306,0.030243304,0.0040470026
738,0.035631325,0.03212216,0.0035091639
739,0.021566145,0.027981153,-0.0064150076
740,0.021566145,0.027981153,-0.0064150076
741,0.026438423,0.03370968,-0.0072712563
742,0.013683854,0.013859151,-0.00017529726
743,0.026198426,0.022265,0.003933426
744,0.025329228,0.028030632,-0.0027014036
745,0.07200207,0.01233488,0.05966719
746,0.07200207,0.01233488,0.05966719
747,0.032846496,0.017943311,0.014903184
748,0.013549973,0.009255573,0.0042944
749,0.009480454,0.008087942,0.0013925117
750,0.019183867,0.022946982,-0.003763115
751,0.02995218,0.018267833,0.011684347
752,0.02995218,0.018267833,0.011684347
753,0.013769322,0.011183756,0.0025855657
754,0.009722016,0.0071944194,0.0025275964
755,0.056826524,0.038793914,0.01803261
756,0.024107883,0.013733514,0.010374369
757,0.009569187,0.0058068503,0.0037623364
758,0.009569187,0.0058068503,0.0037623364
759,0.014042758,0.010068123,0.003974635
760,0.035283256,0.028775392,0.006507864
761,0.009619299,0.006534261,0.0030850382
762,0.021230107,0.013058538,0.00817157
763,0.035575427,0.029577814,0.005997613
764,0.035575427,0.029577814,0.005997613
765,0.0639508,0.05479135,0.0091594495
766,0.0148546165,0.024480084,-0.0096254675
767,0.013671344,0.008797302,0.0048740422
768,0.02880341,0.035596684,-0.0067932736
769,0.01404931,0.010923931,0.0031253789
770,0.01404931,0.010923931,0.0031253789
771,0.034042984,0.03605577,-0.0020127855
772,0.024893409,0.014670751,0.010222658
773,0.06670791,0.040123887,0.026584022
774,0.036584705,0.044183902,-0.0075991973
775,0.064449966,0.04322366,0.021226306
776,0.064449966,0.04322366,0.021226306
777,0.010694045,0.009774607,0.00091943797
778,0.025074419,0.027319048,-0.002244629
779,0.016595904,0.017830055,-0.0012341514
780,0.014133186,0.009348657,0.004784529
781,0.030433696,0.018884258,0.011549437
782,0.030433696,0.018884258,0.011549437
783,0.021069804,0.014420427,0.006649377
784,0.012867112,0.013134067,-0.00026695523
785,0.03378738,0.024421316,0.009366065
786,0.025651941,0.011580658,0.014071283
787,0.10935982,0.06773112,0.041628703
788,0.10935982,0.06773112,0.041628703
789,0.009704952,0.007256452,0.0024485001
790,0.064680204,0.060373917,0.0043062866
791,0.025512775,0.029614614,-0.004101839
792,0.030038975,0.012453434,0.017585542
793,0.11105289,0.05382351,0.057229385
794,0.014458834,0.010305127,0.004153707
795,0.014458834,0.010305127,0.004153707
796,0.11143607,0.063725315,0.047710754
797,0.018025225,0.010981343,0.0070438823
798,0.02632179,0.023442011,0.002879778
799,0.028500803,0.033114146,-0.0046133436
800,0.036180694,0.05232623,-0.016145535
801,0.036180694,0.05232623,-0.016145535
802,0.01667925,0.011512744,0.0051665055
803,0.02100406,0.013066224,0.007937836
804,0.021316819,0.019518727,0.0017980915
805,0.06337532,0.022709925,0.04066539
806,0.11912623,0.070553154,0.048573077
807,0.11912623,0.070553154,0.048573077
808,0.033983123,0.027679604,0.006303519
809,0.022303192,0.01694293,0.0053602625
810,0.027994832,0.008811761,0.019183071
811,0.038673438,0.016822962,0.021850476
812,0.12287878,0.0062240986,0.11665469
813,0.12287878,0.0062240986,0.11665469
814,0.033650506,0.024376761,0.009273745
815,0.06805387,0.04822748,0.01982639
816,0.115514554,0.08727961,0.028234944
817,0.020824201,0.011823554,0.009000648
818,0.020824201,0.011823554,0.009000648
819,0.016882196,0.008196559,0.008685637
820,0.019245118,0.021489019,-0.0022439007
821,0.027360098,0.028777355,-0.0014172569
822,0.024057236,0.017257156,0.0068000797
823,0.021685185,0.023400519,-0.0017153341
824,0.021685185,0.023400519,-0.0017153341
825,0.07090096,0.038926758,0.031974204
826,0.013569585,0.009259498,0.0043100873
827,0.009721955,0.006081031,0.003640924
828,0.017042283,0.008368103,0.00867418
829,0.013838507,0.005929266,0.007909241
830,0.013838507,0.005929266,0.007909241
831,0.01813947,0.014608776,0.0035306942
832,0.013627254,0.01689773,-0.0032704761
833,0.11858168,0.07701904,0.04156264
834,0.01369371,0.009589815,0.0041038953
835,0.018873693,0.013652133,0.0052215606
836,0.018873693,0.013652133,0.0052215606
837,0.026996542,0.018399274,0.008597268
838,0.063231416,0.044947702,0.018283714
839,0.04020527,0.0052354243,0.034969844
840,0.035704467,0.027117973,0.008586494
841,0.020638159,0.016443716,0.004194442
842,0.020638159,0.016443716,0.004194442
843,0.013891213,0.015127381,-0.0012361687
844,0.027613865,0.024793535,0.0028203297
845,0.114854224,0.08120721,0.033647016
846,0.009643908,0.007098555,0.0025453526
847,0.014214987,0.0144217005,-0.00020671356
848,0.014214987,0.0144217005,-0.00020671356
849,0.06250565,0.04805175,0.014453899
850,0.01768682,0.01224934,0.0054374794
851,0.013870271,0.00853675,0.0053335205
852,0.020592928,0.016253985,0.0043389425
853,0.01587046,0.018063791,-0.0021933317
854,0.01587046,0.018063791,-0.0021933317
855,0.009855955,0.0056343656,0.0042215893
856,0.016833436,0.020434953,-0.0036015175
857,0.039140243,0.00865203,0.030488214
858,0.012117796,0.008598427,0.0035193684
859,0.014167835,0.013157254,0.0010105809
860,0.026561175,0.023528907,0.003032267
861,0.026561175,0.023528907,0.003032267
862,0.034083463,0.022102524,0.01198094
863,0.016641231,0.010075119,0.006566112
864,0.03862674,0.034424227,0.004202515
865,0.02619628,0.018495083,0.0077011976
866,0.02619628,0.018495083,0.0077011976
867,0.016085286,0.010917993,0.0051672924
868,0.021389812,0.02070572,0.0006840918
869,0.019199297,0.010376461,0.008822836
870,0.021755869,0.01688974,0.004866129
871,0.03603922,0.037996616,-0.001957398
872,0.03603922,0.037996616,-0.001957398
873,0.008961958,0.00922396,-0.00026200246
874,0.024088556,0.01701092,0.007077636
875,0.015238351,0.011796782,0.0034415694
876,0.035631027,0.035364293,0.0002667345
877,0.119881146,0.060584504,0.05929664
878,0.119881146,0.060584504,0.05929664
879,0.037128966,0.025413878,0.011715088
880,0.012515691,0.009765569,0.002750122
881,0.117247485,0.086570874,0.03067661
882,0.016495021,0.02162382,-0.005128799
883,0.009575321,0.006938158,0.0026371633
884,0.009575321,0.006938158,0.0026371633
885,0.030899825,0.028390694,0.0025091302
886,0.011198607,0.012854416,-0.0016558086
887,0.015285166,0.016262094,-0.0009769276
888,0.009437493,0.0093078865,0.00012960657
889,0.011775201,0.013806014,-0.0020308131
890,0.011775201,0.013806014,-0.0020308131
891,0.009163834,0.0087928735,0.00037096068
892,0.016704075,0.00943218,0.007271895
893,0.009601418,0.0075728963,0.0020285216
894,0.10630065,0.0051135165,0.10118713
895,0.018095342,0.017548136,0.00054720603
896,0.018095342,0.017548136,0.00054720603
897,0.037177045,0.008919113,0.028257933
898,0.034897655,0.04733433,-0.012436673
899,0.028007576,0.029573338,-0.0015657619
900,0.022019658,0.0152829215,0.0067367367
901,0.06601764,0.027008498,0.039009146
902,0.06601764,0.027008498,0.039009146
903,0.031896945,0.040570397,-0.008673452
904,0.017878676,0.013253931,0.004624745
905,0.026584754,0.007636281,0.018948473
906,0.035216786,0.026230982,0.008985804
907,0.009202522,0.008902572,0.00029995013
908,0.009202522,0.008902572,0.00029995013
909,0.06792661,0.038552415,0.029374193
910,0.019427082,0.037590917,-0.018163836
911,0.009259519,0.0064866557,0.0027728635
912,0.023155723,0.01774269,0.005413033
913,0.016952796,0.02383154,-0.006878745
914,0.016952796,0.02383154,-0.006878745
915,0.016476609,0.017917184,-0.0014405753
916,0.0149382,0.012515101,0.0024230992
917,0.019397734,0.017665235,0.0017324984
918,0.024209151,0.016306734,0.007902417
919,0.024209151,0.016306734,0.007902417
920,0.010459172,0.009944498,0.000514674
921,0.035005882,0.034852803,0.00015307963
922,0.020648308,0.020117726,0.0005305819
923,0.026584065,0.026853869,-0.00026980415
924,0.06537758,0.07249297,-0.007115394
925,0.06537758,0.07249297,-0.007115394
926,0.03386176,0.04474628,-0.01088452
927,0.019248692,0.021482293,-0.0022336002
928,0.029198416,0.03848231,-0.009283893
929,0.016906444,0.010639215,0.006267229
930,0.008910803,0.007390666,0.0015201373
931,0.008910803,0.007390666,0.0015201373
932,0.03264131,0.028598579,0.0040427316
933,0.013608489,0.008819319,0.00478917
934,0.033702753,0.020014014,0.013688739
935,0.1145543,0.084956005,0.029598296
936,0.01881463,0.016357947,0.0024566837
937,0.01881463,0.016357947,0.0024566837
938,0.017741242,0.013843767,0.003897475
939,0.060862195,0.05368267,0.0071795247
940,0.0133337965,0.009841745,0.0034920517
941,0.035581976,0.029760879,0.0058210976
942,0.12178192,0.08601044,0.03577148
943,0.12178192,0.08601044,0.03577148
944,0.021273566,0.018598104,0.0026754625
945,0.11577278,0.05576843,0.060004346
946,0.020908242,0.020833498,7.4744225e-05
947,0.11409681,0.01000714,0.10408967
948,0.12343138,0.07733249,0.046098888
949,0.12343138,0.07733249,0.046098888
950,0.020343002,0.017681744,0.002661258
951,0.12320503,0.0059429295,0.117262095
952,0.028424138,0.03300169,-0.004577553
953,0.010700028,0.009428447,0.0012715813
954,0.010700028,0.009428447,0.0012715813
955,0.063995965,0.044937287,0.019058678
956,0.013641123,0.011739326,0.001901797
957,0.11682357,0.056399193,0.060424376
958,0.016772117,0.019556394,-0.0027842764
959,0.013939299,0.014271085,-0.00033178646
960,0.013939299,0.014271085,-0.00033178646
961,0.03521633,0.027503114,0.0077132173
962,0.08407702,0.0044129216,0.0796641
963,0.027457487,0.026979119,0.00047836825
964,0.018518792,0.024223408,-0.0057046153
965,0.013463132,0.009520373,0.003942759
966,0.021518188,0.028462507,-0.0069443192
967,0.021518188,0.028462507,-0.0069443192
968,0.018256051,0.016525276,0.0017307755
969,0.03242041,0.031629924,0.000790488
970,0.02124271,0.027282696,-0.0060399864
971,0.037140917,0.015443059,0.021697858
972,0.037140917,0.015443059,0.021697858
973,0.01960428,0.012254218,0.007350063
974,0.017582024,0.01150741,0.006074614
975,0.013438028,0.0056890068,0.0077490215
976,0.02692968,0.028940495,-0.0020108148
977,0.020369597,0.025035292,-0.004665695
978,0.020369597,0.025035292,-0.004665695
979,0.06474965,0.04493792,0.01981173
980,0.023443738,0.016386654,0.007057084
981,0.021301052,0.01655935,0.004741702
982,0.011431848,0.00771083,0.0037210179
983,0.02168271,0.014542206,0.0071405033
984,0.02168271,0.014542206,0.0071405033
985,0.12389079,0.06667387,0.05721692
986,0.02107528,0.01878207,0.0022932105
987,0.011686363,0.010727789,0.000958574
988,0.013148256,0.015014821,-0.0018665651
989,0.020492312,0.017894976,0.0025973357
990,0.020492312,0.017894976,0.0025973357
991,0.017918047,0.020631876,-0.0027138293
992,0.11610438,0.0934478,0.022656582
993,0.02078664,0.008567393,0.0122192465
994,0.014422545,0.008622125,0.0058004204
995,0.015127302,0.021848334,-0.006721032
996,0.015127302,0.021848334,-0.006721032
997,0.014455588,0.014237269,0.00021831878
998,0.025884833,0.028185772,-0.0023009386
999,0.07268537,0.030538507,0.04214686
